Threads,Parallel_Time(s),Speedup,Efficiency,Serial_Time(s)
1,0.039000,0.92,0.9231,0.036000
2,0.021000,1.71,0.8571,0.036000
4,0.024000,1.50,0.3750,0.036000
8,0.016000,2.25,0.2812,0.036000
16,0.014000,2.57,0.1607,0.036000
