Threads,Parallel_Time(s),Speedup,Efficiency,Serial_Time(s)
1,0.128000,1.02,1.0234,0.131000
2,0.065000,2.02,1.0077,0.131000
4,0.046000,2.85,0.7120,0.131000
8,0.035000,3.74,0.4679,0.131000
16,0.027000,4.85,0.3032,0.131000
